{"2": {"loss test": [0.03585581928491592, 0.04151397719979286], "loss train": [0.03254927624948323, 0.023635009245481342], "complexity": [[0.07129476964473724, 0.055775050073862076], [0.08947015553712845, 0.1543416529893875]], "alpha": [50.774434987582765, 15.172484078991413], "number of parameters": 204}, "3": {"loss test": [0.037474316606918974, 0.028395245720942815], "loss train": [0.027157588745467365, 0.0035203641236876138], "complexity": [[0.2498716115951538, 1.2509320974349976], [3.506728172302246, 9120364544.0]], "alpha": [19.882698078831037, 54.78414998827359], "number of parameters": 306}, "4": {"loss test": [0.052060867100954054, 0.03709118055800597], "loss train": [0.026166337891481817, 0.02437564532738179], "complexity": [[3902.34521484375, 24854325624832.0], [0.1556357741355896, 0.189680278301239]], "alpha": [12.344889654286703, 13.601206330509484], "number of parameters": 408}, "5": {"loss test": [0.03478336644669374, 0.04163982806106408], "loss train": [0.003413727830775315, 0.021875145030207932], "complexity": [[243.84869384765625, 966968279040.0], [1.4126951694488525, 3.2579431533813477]], "alpha": [69.65336697955951, 20.070046412207187], "number of parameters": 510}, "6": {"loss test": [0.05637290589511394], "loss train": [0.010959087987430394], "complexity": [[5.186412811279297, 285342466048.0]], "alpha": [147.34387319523495], "number of parameters": 612}, "7": {"loss test": [0.0334918529416124], "loss train": [0.00045907638013886753], "complexity": [[6127332.0, 1.953561751416996e+17]], "alpha": [124.34208558096091], "number of parameters": 714}, "8": {"loss test": [0.043018753081560133], "loss train": [0.008186465653125197], "complexity": [[51143.53125, 612227522494464.0]], "alpha": [21.386083575231087], "number of parameters": 816}, "9": {"loss test": [0.05222229734063148], "loss train": [0.008128372573992237], "complexity": [[2025.72021484375, 10871565713408.0]], "alpha": [30.158967567646503], "number of parameters": 918}, "10": {"loss test": [0.06890793393055598], "loss train": [0.015753997373394668], "complexity": [[7757.71337890625, 290044543762432.0]], "alpha": [20.979035061078644], "number of parameters": 1020}, "11": {"loss test": [0.021295566856861115], "loss train": [0.0036802258964598877], "complexity": [[18149.44921875, 31557398036480.0]], "alpha": [42.8716658932521], "number of parameters": 1122}, "12": {"loss test": [0.03085669589539369], "loss train": [0.003497353580314666], "complexity": [[143403.390625, 748212293992448.0]], "alpha": [30.4139336329634], "number of parameters": 1224}, "13": {"loss test": [0.029298713027189175], "loss train": [0.0013044553979852935], "complexity": [[4746.10595703125, 5873905172480.0]], "alpha": [3.7067415574061373], "number of parameters": 1326}, "14": {"loss test": [0.031212850163380306], "loss train": [0.0035980516695417464], "complexity": [[401029632.0, 7.71941440265021e+18]], "alpha": [53.99722539567888], "number of parameters": 1428}, "15": {"loss test": [0.03127490517993768], "loss train": [2.530170473136195e-07], "complexity": [[589687.75, 43469854736384.0]], "alpha": [60.301076269154684], "number of parameters": 1530}, "16": {"loss test": [0.020980054264267287], "loss train": [0.00043896508032048587], "complexity": [[13283192.0, 2.2017834162847744e+16]], "alpha": [1.9137176243198797], "number of parameters": 1632}, "17": {"loss test": [0.02370208433518807], "loss train": [0.0005118519788993581], "complexity": [[2550.0546875, 124431108145152.0]], "alpha": [2.1546626742180903], "number of parameters": 1734}, "18": {"loss test": [0.026968051368991535], "loss train": [1.375203262897473e-10], "complexity": [[3602499.5, 8.64105501074391e+16]], "alpha": [2.8667754209340397], "number of parameters": 1836}, "19": {"loss test": [0.024176405246059098], "loss train": [0.002310076652065618], "complexity": [[9540.24609375, 127149872775168.0]], "alpha": [2.4523456920499562], "number of parameters": 1938}, "20": {"loss test": [0.026983054851492248], "loss train": [2.8519254867409582e-08], "complexity": [[170601.515625, 2.7580053034369024e+16]], "alpha": [3.8315609073355175], "number of parameters": 2040}, "21": {"loss test": [0.02780459579080343], "loss train": [4.1649824533696034e-08], "complexity": [[55435.03515625, 6577466999046144.0]], "alpha": [6.975454391067816], "number of parameters": 2142}, "22": {"loss test": [0.0291482695688804], "loss train": [0.00041121001549981884], "complexity": [[44191.453125, 1220520854945792.0]], "alpha": [30.78079724343003], "number of parameters": 2244}, "23": {"loss test": [0.024500098017354806], "loss train": [7.4518642065868335e-06], "complexity": [[4737555456.0, 8.913034330159186e+18]], "alpha": [5.515086515736083], "number of parameters": 2346}, "24": {"loss test": [0.02954171821475029], "loss train": [1.1515158535903292e-09], "complexity": [[106832.7734375, 1.1168843409915904e+16]], "alpha": [3.1876427990200726], "number of parameters": 2448}, "25": {"loss test": [0.028248351936539014], "loss train": [0.0012670869982684962], "complexity": [[5774.01611328125, 54248129691648.0]], "alpha": [11.157061641328069], "number of parameters": 2550}, "30": {"loss test": [0.0300927567606171], "loss train": [1.829303255362902e-05], "complexity": [[2.6090376698999603e+17, 1.3923855164097167e+18]], "alpha": [33.993629288862174], "number of parameters": 3060}, "35": {"loss test": [0.04790863891442617], "loss train": [1.4026360190655396e-05], "complexity": [[375326085480448.0, 1295975243055104.0]], "alpha": [34.554536252466235], "number of parameters": 3570}, "40": {"loss test": [0.034762436027328175], "loss train": [7.350736518674239e-05], "complexity": [[309569024.0, 1106559488.0]], "alpha": [24.00027502885585], "number of parameters": 4080}, "50": {"loss test": [0.028237374251087508], "loss train": [5.8395853415049714e-06], "complexity": [[2.646982324698638e+19, 2.158141654012684e+20]], "alpha": [5.802565780732306], "number of parameters": 5100}, "100": {"loss test": [0.04386590098341306], "loss train": [4.270751721019428e-11], "complexity": [[0.910610020160675, 0.9443343877792358]], "alpha": [5.597562270270101], "number of parameters": 10200}, "200": {"loss test": [], "loss train": [], "complexity": [], "alpha": [], "number of parameters": 0}}