{"1": {"loss test": [0.0370858334004879, 0.49901620546976727], "loss train": [0.031544707249850035, 0.4976562522351742], "complexity": [[0.07722904533147812, 0.06163356080651283], [0.0, 0.0]], "alpha": [132.9093826437056, 3.026622129811181], "number of parameters": 102}, "2": {"loss test": [0.03803641212483247, 0.4989197532335917], "loss train": [0.03390277619473636, 0.5002929680049419], "complexity": [[0.10881058126688004, 0.17853592336177826], [0.0, 0.0]], "alpha": [34.586166599351166, 3.253365736258657], "number of parameters": 204}, "3": {"loss test": [0.05184447740515073, 0.03672935925424099], "loss train": [0.018290715110197198, 0.031703659100458026], "complexity": [[10.638507843017578, 216005033984.0], [0.0699940025806427, 0.05478886514902115]], "alpha": [22.61047584080994, 30.825142717051506], "number of parameters": 306}, "4": {"loss test": [0.038958140090107916, 0.042381668587525685], "loss train": [0.02690295339561999, 0.02247800142504275], "complexity": [[5796952.0, 5.133506059352146e+17], [1.056494951248169, 5.902611255645752]], "alpha": [10.380290887999534, 8.623265950256586], "number of parameters": 408}, "5": {"loss test": [0.039447715630133946, 0.05288168986638387], "loss train": [0.00704590755776735, 0.022452103556133807], "complexity": [[22.212308883666992, 1109681504256.0], [1.388753890991211, 3.974679470062256]], "alpha": [8.712284778273851, 16.585007855981587], "number of parameters": 510}, "6": {"loss test": [0.04661747564872106, 0.03935239699979623], "loss train": [0.026837159181013703, 0.028945965110324323], "complexity": [[0.2010391354560852, 1.1751928329467773], [248.91632080078125, 36470597353472.0]], "alpha": [12.496192377012967, 43.76485433017015], "number of parameters": 612}, "7": {"loss test": [0.03919293048481146, 0.03398866665860017], "loss train": [0.004223961404932197, 0.005304877398884855], "complexity": [[5029.640625, 73692721709056.0], [21.636396408081055, 33.305789947509766]], "alpha": [0.5105480497617697, 12.556127293121815], "number of parameters": 714}, "8": {"loss test": [0.04243203587830067, 0.037151468172669413], "loss train": [0.010642991168424487, 0.03123871691059321], "complexity": [[15833.587890625, 433740694159360.0], [61308372.0, 29720074240.0]], "alpha": [16.14277773025818, 15.073513420632482], "number of parameters": 816}, "9": {"loss test": [0.037263543158769605, 0.03717163528005282], "loss train": [0.004544101408100687, 0.0269972583046183], "complexity": [[3732038.0, 24370495488.0], [3.6140565872192383, 4.156042575836182]], "alpha": [6.629135814258347, 17.341444508439302], "number of parameters": 918}, "10": {"loss test": [0.04890570131440957, 0.048608392601211865], "loss train": [0.020777859026566148, 0.003743193650734611], "complexity": [[959204.625, 6.395704327535801e+19], [16262.0234375, 354789833572352.0]], "alpha": [9.34788410075903, 7.2730662824749945], "number of parameters": 1020}, "11": {"loss test": [0.04794578067958355, 0.033022309901813665], "loss train": [0.0005902026105104596, 1.2176881580155691e-12], "complexity": [[137304560.0, 30691855171584.0], [9097130.0, 678207029248.0]], "alpha": [28.810726665835826, 3.9438632725851495], "number of parameters": 1122}, "12": {"loss test": [0.05143031800786654, 0.03120346274226904], "loss train": [0.01922970439773053, 0.0014331001621030737], "complexity": [[60558.1796875, 1496799458099200.0], [5469.6240234375, 4065352220672.0]], "alpha": [9.134403228867054, 0.4401406752302028], "number of parameters": 1224}, "13": {"loss test": [0.046027012666066486], "loss train": [0.0034029594171443023], "complexity": [[1232760192.0, 7.51041603698688e+16]], "alpha": [11.57246314148903], "number of parameters": 1326}, "14": {"loss test": [0.037040993198752405], "loss train": [0.0013675031132152071], "complexity": [[13726.716796875, 1685379660906496.0]], "alpha": [11.572935744446516], "number of parameters": 1428}, "15": {"loss test": [0.03210604339838028], "loss train": [0.00260943621469778], "complexity": [[977.0422973632812, 6405197660160.0]], "alpha": [3.860997811196631], "number of parameters": 1530}, "16": {"loss test": [0.07338942587375641], "loss train": [0.013143388729076833], "complexity": [[285.30755615234375, 16386705326080.0]], "alpha": [8.115705222350359], "number of parameters": 1632}, "17": {"loss test": [0.03313219926009576], "loss train": [0.0004858415982198494], "complexity": [[441.71136474609375, 39613179625472.0]], "alpha": [3.6541405691671405], "number of parameters": 1734}, "18": {"loss test": [0.14272893617550533], "loss train": [0.0031333476363215595], "complexity": [[4152.0771484375, 102142811570176.0]], "alpha": [11.847374881786108], "number of parameters": 1836}, "19": {"loss test": [0.031548333292206125], "loss train": [0.003210594273696188], "complexity": [[62815.1875, 106189752893440.0]], "alpha": [6.539463144353777], "number of parameters": 1938}, "20": {"loss test": [0.03175128661096096], "loss train": [0.0019320947249070741], "complexity": [[353.4761657714844, 121715547963392.0]], "alpha": [5.446608410375146], "number of parameters": 2040}, "21": {"loss test": [0.028978640337785085], "loss train": [2.0540359452377033e-11], "complexity": [[9870.388671875, 6.47316887995448e+19]], "alpha": [0.060475528584579254], "number of parameters": 2142}, "22": {"loss test": [0.027704823482781648], "loss train": [0.0017897343786899], "complexity": [[611.2359619140625, 119319367254016.0]], "alpha": [2.3085258471828536], "number of parameters": 2244}, "23": {"loss test": [0.025234714864442745], "loss train": [0.0010071128144772956], "complexity": [[234097952.0, 2.5607699698084427e+20]], "alpha": [4.683006006672978], "number of parameters": 2346}, "24": {"loss test": [0.02958604463686546], "loss train": [5.830217021782127e-10], "complexity": [[290903648.0, 8.05982837031431e+19]], "alpha": [0.5523549056487033], "number of parameters": 2448}, "25": {"loss test": [0.03578440633912881], "loss train": [0.0028375501169648487], "complexity": [[532935.75, 1.2597932101929533e+18]], "alpha": [0.5853049380654382], "number of parameters": 2550}, "30": {"loss test": [0.028776747360825538], "loss train": [0.002570830345575814], "complexity": [[81674592.0, 1.333385227683024e+20]], "alpha": [7.519382494300604], "number of parameters": 3060}, "35": {"loss test": [0.037258634840448696], "loss train": [6.974764994538418e-05], "complexity": [[4.389680862426758, 5.202973365783691]], "alpha": [19.340974430847915], "number of parameters": 3570}, "40": {"loss test": [0.046229532236854234], "loss train": [0.00022904045204086287], "complexity": [[7.092456340789795, 9.96243667602539]], "alpha": [25.04036245146394], "number of parameters": 4080}, "50": {"loss test": [0.019667312999566398], "loss train": [9.337787254537488e-08], "complexity": [[111644762112.0, 6.792086889520211e+21]], "alpha": [0.3454222520971469], "number of parameters": 5100}, "100": {"loss test": [0.025203350683053335], "loss train": [8.412839280769191e-08], "complexity": [[3.806436538696289, 4.227843284606934]], "alpha": [1.5831238228403033], "number of parameters": 10200}, "200": {"loss test": [0.02688786933819453], "loss train": [1.487475181242493e-13], "complexity": [[0.6969695091247559, 0.7230604887008667]], "alpha": [2.6673530803784726], "number of parameters": 20400}}