{"1": {"loss test": [0.0025501130148768425], "loss train": [0.0014462632243521512], "complexity": [[60567.140625, 3046854363185152.0]], "alpha": [40.49868595504713], "number of parameters": 326}, "3": {"loss test": [0.0016932409707806073], "loss train": [0.0005530385193803037], "complexity": [[138045.03125, 9295183254388736.0]], "alpha": [12.175539696420154], "number of parameters": 978}, "5": {"loss test": [0.0022297651739791036], "loss train": [0.0007702376945720365], "complexity": [[1783.792236328125, 8832203496620032.0]], "alpha": [1.9650634731486207], "number of parameters": 1630}, "8": {"loss test": [0.0016241799312410876], "loss train": [0.0005533474953457093], "complexity": [[10690.45703125, 9.610314024327578e+16]], "alpha": [4.316140085354447], "number of parameters": 2608}, "10": {"loss test": [0.0015840530395507812], "loss train": [0.0004813468161349495], "complexity": [[1280.6416015625, 3605395801112576.0]], "alpha": [5.745665537588298], "number of parameters": 3260}, "12": {"loss test": [0.0015822600398678333], "loss train": [0.0005212678370298818], "complexity": [[817506880.0, 2.0491821627624076e+20]], "alpha": [2.079402261880537], "number of parameters": 3912}, "15": {"loss test": [0.001192606086988235], "loss train": [0.00011396743684599642], "complexity": [[22518848.0, 6.566755543883448e+17]], "alpha": [0.588613672894251], "number of parameters": 4890}, "18": {"loss test": [0.001471002964535728], "loss train": [0.0004219659264587487], "complexity": [[3840297.5, 9.579747504868137e+19]], "alpha": [0.5901163918487727], "number of parameters": 5868}, "20": {"loss test": [0.0013403675256995484], "loss train": [0.00040088798171685386], "complexity": [[313477152.0, 2.4315773535447627e+20]], "alpha": [2.7723043531452616], "number of parameters": 6520}, "22": {"loss test": [0.0016096936888061464], "loss train": [0.00017010433172496656], "complexity": [[319407168.0, 1.5605998553187484e+19]], "alpha": [0.39534855628574345], "number of parameters": 7172}, "25": {"loss test": [0.0012889282224932685], "loss train": [8.797900227364153e-05], "complexity": [[2286947.0, 3722436881154048.0]], "alpha": [1.3146146684530735], "number of parameters": 8150}, "28": {"loss test": [0.0016142635140568018], "loss train": [0.00024333124747499824], "complexity": [[54616731648.0, 1.4574636195417319e+20]], "alpha": [0.9221294394540503], "number of parameters": 9128}, "30": {"loss test": [0.0015324505366152152], "loss train": [0.00030412349102941033], "complexity": [[195987616.0, 5.14774379003904e+16]], "alpha": [0.10711329632850478], "number of parameters": 9780}, "35": {"loss test": [0.0014755477604921907], "loss train": [0.00021751780877821147], "complexity": [[9330958.0, 6860479922176.0]], "alpha": [0.5572712815874983], "number of parameters": 11410}, "40": {"loss test": [], "loss train": [], "complexity": [], "alpha": [], "number of parameters": 0}, "45": {"loss test": [], "loss train": [], "complexity": [], "alpha": [], "number of parameters": 0}, "50": {"loss test": [], "loss train": [], "complexity": [], "alpha": [], "number of parameters": 0}, "100": {"loss test": [], "loss train": [], "complexity": [], "alpha": [], "number of parameters": 0}, "200": {"loss test": [], "loss train": [], "complexity": [], "alpha": [], "number of parameters": 0}, "500": {"loss test": [], "loss train": [], "complexity": [], "alpha": [], "number of parameters": 0}, "1000": {"loss test": [], "loss train": [], "complexity": [], "alpha": [], "number of parameters": 0}}