{"1": {"loss test": [0.5012695156037807, 0.5002929680049419, 0.24873171281069517, 0.24831038620322943], "loss train": [0.49941406212747097, 0.49824218824505806, 0.22380529809743166, 0.2245462667196989], "complexity": [[0.0, 2194307678208.0], [0.0, 0.0], [0.05905790254473686, 0.06352871656417847], [0.05398508906364441, 0.058487895876169205]], "alpha": [], "number of parameters": 0}, "2": {"loss test": [0.25106340367347, 0.26747786812484264, 0.24743966292589903, 0.27977370098233223, 0.273276817984879], "loss train": [0.22340092528611422, 0.20351270958781242, 0.2238634955137968, 0.20011794660240412, 0.20163193345069885], "complexity": [[0.05862636864185333, 0.06293785572052002], [0.12247924506664276, 0.1354590654373169], [5.129230499267578, 6.415585994720459], [0.13552165031433105, 0.16108901798725128], [0.1018538773059845, 0.14526230096817017]], "alpha": [], "number of parameters": 0}, "3": {"loss test": [0.2474227249622345, 0.2485961616039276, 0.27954279258847237, 0.24843608401715755, 0.2939021186903119], "loss train": [0.2231272952631116, 0.22572760935872793, 0.20891045033931732, 0.22444849740713835, 0.18547441717237234], "complexity": [[0.4410676956176758, 0.6506733298301697], [0.05013798922300339, 0.055117882788181305], [4312.3544921875, 7104795030585344.0], [0.7754899859428406, 0.9201346635818481], [0.15650954842567444, 0.2306094914674759]], "alpha": [], "number of parameters": 0}, "4": {"loss test": [0.3401047755032778, 0.306155969388783, 0.2880152082070708, 0.26777305360883474, 0.29444290045648813], "loss train": [0.17547133471816778, 0.17582940310239792, 0.1945602474734187, 0.20435363706201315, 0.18407416343688965], "complexity": [[0.15266349911689758, 0.6344519257545471], [0.31819939613342285, 0.6717091202735901], [0.18284368515014648, 0.8243775367736816], [0.5906035900115967, 1.9614897966384888], [1.134756326675415, 1.4816571474075317]], "alpha": [], "number of parameters": 0}, "5": {"loss test": [0.2799322810024023, 0.2970054969191551, 0.293757913634181, 0.32809457555413246, 0.2792804092168808], "loss train": [0.19826685544103384, 0.18291125632822514, 0.19593322463333607, 0.1578826354816556, 0.18733630422502756], "complexity": [[0.3989304304122925, 0.43814289569854736], [2.860013008117676, 4.142712116241455], [58.333892822265625, 912165044224.0], [0.5868597030639648, 3162330112.0], [0.688668429851532, 1.4311171770095825]], "alpha": [], "number of parameters": 0}, "7": {"loss test": [0.438355365768075, 0.320520531386137, 0.322321068495512, 0.3038957454264164, 0.3146820738911629], "loss train": [0.17357124481350183, 0.1737656109035015, 0.16411989741027355, 0.18871127627789974, 0.1876530572772026], "complexity": [[7.0544352531433105, 45.36088943481445], [11.515247344970703, 37.781009674072266], [825.7205810546875, 73007691202560.0], [44.639244079589844, 1678262927360.0], [0.7909329533576965, 1.356695294380188]], "alpha": [], "number of parameters": 0}, "9": {"loss test": [0.46490340307354927, 0.45530062168836594, 0.3446531929075718, 0.2971577178686857, 0.47166658006608486], "loss train": [0.1312441173940897, 0.12328982399776578, 0.1396114989183843, 0.18550022784620523, 0.1474553383886814], "complexity": [[204588.3125, 1202970.75], [57.08507537841797, 591263432704.0], [4.116325378417969, 4.761353969573975], [23835.47265625, 1.3001741711027942e+20], [190.19076538085938, 6771374030848.0]], "alpha": [], "number of parameters": 0}, "11": {"loss test": [0.3122393228113651, 0.49999481998384, 0.5978627447038889, 0.48351723700761795, 0.403644984588027], "loss train": [0.1821906017139554, 0.1571551514789462, 0.0897851730696857, 0.10837143193930387, 0.1480064019560814], "complexity": [[154.81668090820312, 2779591475200.0], [1133.97509765625, 124437584150528.0], [23.028640747070312, 86847963136.0], [88.43278503417969, 162.2052764892578], [3380.2734375, 89846060154880.0]], "alpha": [], "number of parameters": 0}, "13": {"loss test": [0.5049143638461828, 0.6958733815699816, 0.4503790996968746, 0.5384163912385702, 0.5596601031720638], "loss train": [0.11654863879084587, 0.07712428690865636, 0.13086234126240015, 0.05182596854865551, 0.09172576107084751], "complexity": [[33974.3828125, 2210634968072192.0], [170.64169311523438, 612.5593872070312], [32.613006591796875, 153.35775756835938], [3.4504170417785645, 4.344057083129883], [2848.9462890625, 10540169560064.0]], "alpha": [], "number of parameters": 0}, "16": {"loss test": [0.6286259796470404, 0.5146281886845827, 0.6841451898217201, 0.4714513011276722, 0.6660295575857162], "loss train": [0.09521975181996822, 0.10406780894845724, 0.06763987150043249, 0.1088233687914908, 0.06945976614952087], "complexity": [[159287.71875, 894010059128832.0], [6722.359375, 9111376756736.0], [304710.125, 764637188456448.0], [56.99656295776367, 132.95660400390625], [36893.72265625, 100515539058688.0]], "alpha": [], "number of parameters": 0}, "17": {"loss test": [0.6158055607229471, 0.510394649580121, 0.5769945401698351, 0.54031733982265, 0.3992932066321373], "loss train": [0.06710341735742986, 0.09720737021416426, 0.0785882854834199, 0.11914389906451106, 0.1530141606926918], "complexity": [[68753.46875, 433658687127552.0], [2494677.25, 1.637019805548544e+16], [35483.1875, 76361012084736.0], [1354.872802734375, 21244338503680.0], [1223.98388671875, 3427647881216.0]], "alpha": [], "number of parameters": 0}, "18": {"loss test": [0.3883435297757387, 0.5278605446219444, 0.6443019676953554, 0.6498070675879717, 0.52560118958354], "loss train": [0.1328871282748878, 0.07650021184235811, 0.03950076480396092, 0.0489569534547627, 0.08303030277602375], "complexity": [[4284.3623046875, 26254046658560.0], [15130.978515625, 10475308843008.0], [336700.96875, 313153581744128.0], [46845.8828125, 23352980799488.0], [236152.34375, 258298192330752.0]], "alpha": [], "number of parameters": 0}, "19": {"loss test": [0.40120314061641693, 0.7689756527543068, 0.6304008644074202, 0.570485457777977, 0.5263548139482737], "loss train": [0.15269797202199697, 0.050558821531012654, 0.0681918307673186, 0.07414292148314416, 0.09198560891672969], "complexity": [[6845.056640625, 66502258589696.0], [22526.80078125, 62616147853312.0], [7981.259765625, 12871558758400.0], [14911.728515625, 68411564490752.0], [1528.3560791015625, 5716309966848.0]], "alpha": [], "number of parameters": 0}, "20": {"loss test": [0.6704833302646875, 0.5844060815870762, 0.6084457729011774, 0.7555077783763409, 0.7773559503257275], "loss train": [0.07613160414621234, 0.08312772354111075, 0.08354720519855618, 0.08726362697780132, 0.04573287698440254], "complexity": [[69675.078125, 1197064159494144.0], [685111.625, 1.5144615178928128e+16], [81983.2890625, 2159758932967424.0], [915545.75, 8.559564019256525e+16], [50566.59375, 4324454930841600.0]], "alpha": [], "number of parameters": 0}, "21": {"loss test": [0.8588215000927448, 0.8203105926513672, 0.6123887673020363, 0.6525044403970242, 0.7419791668653488], "loss train": [0.032612308976240456, 0.040061180014163256, 0.059595327358692884, 0.0692631599958986, 0.045437627006322145], "complexity": [[20348.9140625, 2387289120440320.0], [108279.140625, 7663479007739904.0], [18166.53125, 1709713871863808.0], [793337.3125, 3.988050651014758e+16], [763468.375, 3.523814507937792e+16]], "alpha": [], "number of parameters": 0}, "22": {"loss test": [0.9270332045853138, 0.675941402092576, 0.6850005816668272, 0.5736681427806616, 0.6974932812154293], "loss train": [0.03053169255144894, 0.0374007971258834, 0.04966841288842261, 0.060633793007582426, 0.06406863615848124], "complexity": [[12266.3486328125, 7975890583552.0], [263687.25, 9956486885146624.0], [570325.625, 3.743404159873843e+16], [26120714.0, 1.3276685368767283e+18], [44662.8671875, 769143548674048.0]], "alpha": [], "number of parameters": 0}, "23": {"loss test": [0.6716131903231144, 0.7448133192956448, 0.6267598941922188, 0.7149833533912897, 0.7230532355606556], "loss train": [0.08346883254125714, 0.0426413785899058, 0.056461455300450325, 0.03992588561959565, 0.03798062668647617],