{"1": {"loss test": [0.2469289074341456, 0.24701128005981446, 0.247353325287501], "loss train": [0.22334675211459398, 0.22395037580281496, 0.22489132918417454], "complexity": [[0.057238101959228516, 0.06146630272269249], [0.05317234620451927, 0.05790795758366585], [0.050909996032714844, 0.05596351996064186]], "alpha": [10.457041963783404, 16.099316086277366, 16.668229843874773], "number of parameters": 102}, "2": {"loss test": [0.2526758392651876, 0.2469049334526062], "loss train": [0.22563075460493565, 0.22411583177745342], "complexity": [[3.4786536693573, 3.807502508163452], [0.17361688613891602, 0.30275267362594604]], "alpha": [7.0544921319410205, 14.528267938623825], "number of parameters": 204}, "3": {"loss test": [0.24739716947078705, 0.24686650931835175], "loss train": [0.22383826691657305, 0.22412855364382267], "complexity": [[304325.4375, 2.5279869311146734e+20], [73639.953125, 3.5094968880829255e+22]], "alpha": [9.269575719997286, 11.258649946307143], "number of parameters": 306}, "4": {"loss test": [0.28876088658968607, 0.26014699836572014], "loss train": [0.1809887019917369, 0.21024252474308014], "complexity": [[0.2520396113395691, 0.3591262400150299], [0.1267736852169037, 0.14060811698436737]], "alpha": [24.622361922444775, 8.978601472496987], "number of parameters": 408}, "5": {"loss test": [0.26711956163247425, 0.2646711697181066], "loss train": [0.1927790204063058, 0.20513377990573645], "complexity": [[423.2153625488281, 44071322124288.0], [8.79849910736084, 11.913106918334961]], "alpha": [15.202595962464809, 28.377232697983583], "number of parameters": 510}, "7": {"loss test": [0.2934168835481008, 0.32390066981315613], "loss train": [0.19528602715581656, 0.17167189717292786], "complexity": [[17.146194458007812, 34.184383392333984], [1.4425208568572998, 2.3209142684936523]], "alpha": [15.825225639025371, 22.021263190746307], "number of parameters": 714}, "9": {"loss test": [0.31158746083577477, 0.36106231013933815], "loss train": [0.17280474677681923, 0.14043602626770735], "complexity": [[181.46731567382812, 1243605762048.0], [8.141357421875, 12.316722869873047]], "alpha": [58.18995498323441, 31.66524525173505], "number of parameters": 918}, "11": {"loss test": [0.3348856488863627, 0.38926907777786257], "loss train": [0.14793684054166079, 0.13973845588043332], "complexity": [[46500.87109375, 361455320825856.0], [13.599218368530273, 40.612735748291016]], "alpha": [45.50071075215594, 41.78044164882104], "number of parameters": 1122}, "13": {"loss test": [0.4186412632465363, 0.38063817222913104], "loss train": [0.09616821352392435, 0.11328777531161904], "complexity": [[888.3635864257812, 2587.327880859375], [25.77654266357422, 58.164085388183594]], "alpha": [18.99918200974663, 37.31134353864193], "number of parameters": 1326}, "16": {"loss test": [0.4075127124786377, 0.42052834033966063], "loss train": [0.1040595043450594, 0.09521585004404187], "complexity": [[16856.935546875, 36463810969600.0], [2935.5654296875, 2161061396480.0]], "alpha": [35.56629325283195, 25.12714895147085], "number of parameters": 1632}, "17": {"loss test": [0.5210308333237966, 0.43020645578702293], "loss train": [0.07428612001240253, 0.08939056424424052], "complexity": [[24228.357421875, 35701655601152.0], [230594.46875, 115243619450880.0]], "alpha": [42.59556423678653, 22.08662222546339], "number of parameters": 1734}, "18": {"loss test": [0.4605186104774475, 0.4527603526910146], "loss train": [0.08401079592294991, 0.07645927742123604], "complexity": [[103404.7734375, 32782902362112.0], [10056.9794921875, 13552163225600.0]], "alpha": [11.885037825196981, 31.10197751543919], "number of parameters": 1836}, "19": {"loss test": [0.4299261172612508, 0.44583064516385396], "loss train": [0.07966464897617698, 0.10521320253610611], "complexity": [[18256.31640625, 9982303010816.0], [798.2665405273438, 6332.89453125]], "alpha": [20.323887548650614, 35.89974339449778], "number of parameters": 1938}, "20": {"loss test": [0.3558464248975118, 0.4614276727040609], "loss train": [0.13371713971719146, 0.07794728619046509], "complexity": [[68805.765625, 2739493887016960.0], [1002647.125, 1.4590696253240115e+17]], "alpha": [27.59696669483185, 16.460835267395275], "number of parameters": 2040}, "21": {"loss test": [0.47030102610588076, 0.4128241141637166], "loss train": [0.08001352148130536, 0.10969235049560666], "complexity": [[613324.5, 7311927344627712.0], [199410.5, 749233019813888.0]], "alpha": [51.302225493349134, 23.21988637588173], "number of parameters": 2142}, "22": {"loss test": [0.44828611612319946, 0.4242981255054474], "loss train": [0.09579054545611143, 0.09566911170259118], "complexity": [[476773.4375, 9474809524125696.0], [159614.0, 1654183971258368.0]], "alpha": [36.47567073700205, 36.96687874831073], "number of parameters": 2244}, "23": {"loss test": [0.45208440025647484, 0.4731122632821401], "loss train": [0.07964436477050185, 0.07839839160442352], "complexity": [[265544.3125, 2274129080221696.0], [103183.125, 581600916013056.0]], "alpha": [34.28998695197701, 52.60862634368613], "number of parameters": 2346}, "24": {"loss test": [0.4539316157499949, 0.4769633948802948], "loss train": [0.0848333875183016, 0.06634202250279486], "complexity": [[1096303.75, 3.55286137176064e+16], [62.273162841796875, 135.50930786132812]], "alpha": [71.30150818335514, 27.980774624431252], "number of parameters": 2448}, "25": {"loss test": [0.5022098580996196, 0.5037938237190247], "loss train": [0.06926298839971423, 0.07842724001966417], "complexity": [[180824.71875, 5593001439002624.0], [90374.109375, 3281806522580992.0]], "alpha": [36.1910746436951, 59.63169077075521], "number of parameters": 2550}, "26": {"loss test": [0.46205983956654867, 0.5602940499782563], "loss train": [0.06662705377675593, 0.03161055746022612], "complexity": [[81650.90625, 1863085811826688.0], [9.521894454956055, 14.86591911315918]], "alpha": [36.68428658625732, 34.55594754679998], "number of parameters": 2652}, "28": {"loss test": [0.521229350566864, 0.39578061501185097], "loss train": [0.05115101276896894, 0.11967854434624314], "complexity": [[41.0556640625, 90.87638854980469], [148652.90625, 2584101701812224.0]], "alpha": [19.37957149067521, 34.6526105718029], "number of parameters": 2856}, "30": {"loss test": [0.4514988462130229, 0.5272517581780751], "loss train": [0.0857733953744173, 0.04177271178923547], "complexity": [[1011292.4375, 1.3147054880587776e+16], [12.04082202911377, 18.223388671875]], "alpha": [29.885160798390707, 14.111443455259005], "number of parameters": 3060}, "32": {"loss test": [0.5548203706741333, 0.5790428678194682], "loss train": [0.04031477984972298, 0.03472076007165015], "complexity": [[39.19395446777344, 69.13523864746094], [6.595407009124756, 8.822887420654297]], "alpha": [34.90611879212533, 12.649673668082803], "number of parameters": 3264}, "35": {"loss test": [0.5617467820644378, 0.5596840699513753], "loss train": [0.03392867580987513, 0.028861462138593197], "complexity": [[9.008963584899902, 13.386695861816406], [6.389589309692383, 8.339921951293945]], "alpha": [27.739946161593, 118.68821787063777], "number of parameters": 3570}, "40": {"loss test": [0.5609297474225362, 0.6013440946737926], "loss train": [0.0562822874635458, 0.04086152953095734], "complexity": [[131.10031127929688, 232.18804931640625], [12.237811088562012, 18.510225296020508]], "alpha": [32.8873640780896, 21.578675962572916], "number of parameters": 4080}, "50": {"loss test": [0.6257911841074626, 0.5795641779899597], "loss train": [0.009576333046425134, 0.02376607444602996], "complexity": [[3.5292558670043945, 4.547638416290283], [7.886244773864746, 11.013596534729004]], "alpha": [44.35033859301607, 41.048233451930805], "number of parameters": 5100}, "60": {"loss test": [0.6135071833928426, 0.5380092124144237], "loss train": [0.0073423323046881706, 0.006438330659875646], "complexity": [[3.209838390350342, 3.9155237674713135], [2.881725311279297, 3.4250376224517822]],